{
  "2D": 1889.83284831047,
  "AFK": 29.4172892570495,
  "Editor": 34389.0648794174,
  "Game": 25996.2626299858,
  "Script": 6502.96940112114
}