{
  "2D": 89.9952621459961,
  "3D": 4.98101234436035,
  "Editor": 95.9772474765778,
  "Game": 1.00097298622131
}